size,function,time
4.0,1.0,9.19e-5
4.0,2.0,8.45e-5
4.0,3.0,2.79e-5
8.0,1.0,0.0001877
8.0,2.0,0.0004315
8.0,3.0,4.39e-5
16.0,1.0,0.0003421
16.0,2.0,0.0004329
16.0,3.0,5.89e-5
32.0,1.0,0.0010453
32.0,2.0,0.0009402
32.0,3.0,0.0001431
64.0,1.0,0.0022873
64.0,2.0,0.0016899
64.0,3.0,0.0006446
128.0,1.0,0.0033137
128.0,2.0,0.0030314
128.0,3.0,0.000929
256.0,1.0,0.0094207
256.0,2.0,0.0102111
256.0,3.0,0.0053349
512.0,1.0,0.0374698
512.0,2.0,0.0259775
512.0,3.0,0.020061
