size,function,time
2.0,1.0,0.004517466
4.0,1.0,3.318e-6
8.0,1.0,2.25e-6
16.0,1.0,0.000576183
32.0,1.0,0.003833225
64.0,1.0,0.019780186
128.0,1.0,0.091118248
256.0,1.0,0.355141497
512.0,1.0,1.314591864
