size,function,time
2.0,1.0,0.00262858
4.0,1.0,1.444e-6
8.0,1.0,8.17e-7
16.0,1.0,0.000190824
32.0,1.0,0.000942184
64.0,1.0,0.005187355
128.0,1.0,0.035627398
256.0,1.0,0.094799228
512.0,1.0,0.345293878
